<annotation>
	<folder>DOWN</folder>
	<filename>DOWN_4963a9c6-70d1-11ed-b33e-18cc18a6f914.jpg</filename>
	<path>C:\Users\aisha\Documents\computer_vision_group_project\RealTimeObjectDetection\Tensorflow\workspace\images\colectedimages\DOWN\DOWN_4963a9c6-70d1-11ed-b33e-18cc18a6f914.jpg</path>
	<source>
		<database>Unknown</database>
	</source>
	<size>
		<width>640</width>
		<height>480</height>
		<depth>3</depth>
	</size>
	<segmented>0</segmented>
	<object>
		<name>down</name>
		<pose>Unspecified</pose>
		<truncated>0</truncated>
		<difficult>0</difficult>
		<bndbox>
			<xmin>128</xmin>
			<ymin>217</ymin>
			<xmax>302</xmax>
			<ymax>413</ymax>
		</bndbox>
	</object>
</annotation>
