<annotation>
	<folder>UP</folder>
	<filename>UP_2f51f0a8-70d1-11ed-b239-18cc18a6f914.jpg</filename>
	<path>C:\Users\aisha\Documents\computer_vision_group_project\RealTimeObjectDetection\Tensorflow\workspace\images\colectedimages\UP\UP_2f51f0a8-70d1-11ed-b239-18cc18a6f914.jpg</path>
	<source>
		<database>Unknown</database>
	</source>
	<size>
		<width>640</width>
		<height>480</height>
		<depth>3</depth>
	</size>
	<segmented>0</segmented>
	<object>
		<name>up</name>
		<pose>Unspecified</pose>
		<truncated>0</truncated>
		<difficult>0</difficult>
		<bndbox>
			<xmin>201</xmin>
			<ymin>96</ymin>
			<xmax>381</xmax>
			<ymax>366</ymax>
		</bndbox>
	</object>
</annotation>
