<annotation>
	<folder>UP</folder>
	<filename>UP_2e1e2f5e-70d1-11ed-b67f-18cc18a6f914.jpg</filename>
	<path>C:\Users\aisha\Documents\computer_vision_group_project\RealTimeObjectDetection\Tensorflow\workspace\images\colectedimages\UP\UP_2e1e2f5e-70d1-11ed-b67f-18cc18a6f914.jpg</path>
	<source>
		<database>Unknown</database>
	</source>
	<size>
		<width>640</width>
		<height>480</height>
		<depth>3</depth>
	</size>
	<segmented>0</segmented>
	<object>
		<name>up</name>
		<pose>Unspecified</pose>
		<truncated>0</truncated>
		<difficult>0</difficult>
		<bndbox>
			<xmin>221</xmin>
			<ymin>165</ymin>
			<xmax>407</xmax>
			<ymax>396</ymax>
		</bndbox>
	</object>
</annotation>
