<annotation>
	<folder>NADA</folder>
	<filename>NADA_59ecb45b-70d1-11ed-af71-18cc18a6f914.jpg</filename>
	<path>C:\Users\aisha\Documents\computer_vision_group_project\RealTimeObjectDetection\Tensorflow\workspace\images\colectedimages\NADA\NADA_59ecb45b-70d1-11ed-af71-18cc18a6f914.jpg</path>
	<source>
		<database>Unknown</database>
	</source>
	<size>
		<width>640</width>
		<height>480</height>
		<depth>3</depth>
	</size>
	<segmented>0</segmented>
	<object>
		<name>nada</name>
		<pose>Unspecified</pose>
		<truncated>0</truncated>
		<difficult>0</difficult>
		<bndbox>
			<xmin>60</xmin>
			<ymin>46</ymin>
			<xmax>319</xmax>
			<ymax>330</ymax>
		</bndbox>
	</object>
</annotation>
